Year,Trade Flow,Reporter Code,Reporter,Reporter ISO,Partner Code,Partner,Partner ISO,Commodity Code,Commodity,Qty Unit,Qty,Trade Value (US$)
,,,,,,,,,,,,
2011.0,Import,28.0,Antigua and Barbuda,ATG,0.0,World,WLD,270900.0,"Petroleum oils, oils from bituminous minerals, crude",Weight in kilograms,15.0,523.0
2011.0,Import,28.0,Antigua and Barbuda,ATG,842.0,USA,USA,270900.0,"Petroleum oils, oils from bituminous minerals, crude",Weight in kilograms,15.0,523.0
2011.0,Import,32.0,Argentina,ARG,0.0,World,WLD,270900.0,"Petroleum oils, oils from bituminous minerals, crude",Weight in kilograms,804.0,5050.0
2011.0,Export,32.0,Argentina,ARG,0.0,World,WLD,270900.0,"Petroleum oils, oils from bituminous minerals, crude",Weight in kilograms,3023702118.0,2182223595.0
2011.0,Import,32.0,Argentina,ARG,24.0,Angola,AGO,270900.0,"Petroleum oils, oils from bituminous minerals, crude",Weight in kilograms,35.0,595.0
2011.0,Import,32.0,Argentina,ARG,76.0,Brazil,BRA,270900.0,"Petroleum oils, oils from bituminous minerals, crude",Weight in kilograms,16.0,1266.0
2011.0,Export,32.0,Argentina,ARG,76.0,Brazil,BRA,270900.0,"Petroleum oils, oils from bituminous minerals, crude",Weight in kilograms,209076496.0,169565732.0
2011.0,Export,32.0,Argentina,ARG,152.0,Chile,CHL,270900.0,"Petroleum oils, oils from bituminous minerals, crude",Weight in kilograms,1029503090.0,717117739.0
2011.0,Export,32.0,Argentina,ARG,156.0,China,CHN,270900.0,"Petroleum oils, oils from bituminous minerals, crude",Weight in kilograms,588572506.0,422567030.0
2011.0,Import,32.0,Argentina,ARG,381.0,Italy,ITA,270900.0,"Petroleum oils, oils from bituminous minerals, crude",Weight in kilograms,54.0,587.0
2011.0,Import,32.0,Argentina,ARG,604.0,Peru,PER,270900.0,"Petroleum oils, oils from bituminous minerals, crude",Weight in kilograms,10.0,43.0
2011.0,Import,32.0,Argentina,ARG,842.0,USA,USA,270900.0,"Petroleum oils, oils from bituminous minerals, crude",Weight in kilograms,689.0,2558.0
2011.0,Export,32.0,Argentina,ARG,842.0,USA,USA,270900.0,"Petroleum oils, oils from bituminous minerals, crude",Weight in kilograms,1196550026.0,872973095.0
,,,,,,,,,,,,
2011.0,Import,44.0,Bahamas,BHS,0.0,World,WLD,270900.0,"Petroleum oils, oils from bituminous minerals, crude",Weight in kilograms,19000.0,279.0
2011.0,Import,44.0,Bahamas,BHS,842.0,USA,USA,270900.0,"Petroleum oils, oils from bituminous minerals, crude",Weight in kilograms,19000.0,279.0
2011.0,Import,52.0,Barbados,BRB,0.0,World,WLD,270900.0,"Petroleum oils, oils from bituminous minerals, crude",Weight in kilograms,23245042.0,17122660.0
2011.0,Export,52.0,Barbados,BRB,0.0,World,WLD,270900.0,"Petroleum oils, oils from bituminous minerals, crude",Weight in kilograms,29245488.0,19618508.0
2011.0,Import,52.0,Barbados,BRB,780.0,Trinidad and Tobago,TTO,270900.0,"Petroleum oils, oils from bituminous minerals, crude",Weight in kilograms,23245042.0,17122660.0
2011.0,Export,52.0,Barbados,BRB,780.0,Trinidad and Tobago,TTO,270900.0,"Petroleum oils, oils from bituminous minerals, crude",Weight in kilograms,29245488.0,19618508.0
2011.0,Export,84.0,Belize,BLZ,0.0,World,WLD,270900.0,"Petroleum oils, oils from bituminous minerals, crude",Weight in kilograms,71123.0,146043738.0
2011.0,Export,84.0,Belize,BLZ,842.0,USA,USA,270900.0,"Petroleum oils, oils from bituminous minerals, crude",Weight in kilograms,71123.0,146043738.0
2011.0,Import,60.0,Bermuda,BMU,0.0,World,WLD,270900.0,"Petroleum oils, oils from bituminous minerals, crude",Weight in kilograms,336.0,193.0
2011.0,Import,60.0,Bermuda,BMU,842.0,USA,USA,270900.0,"Petroleum oils, oils from bituminous minerals, crude",Weight in kilograms,336.0,193.0
2011.0,Import,68.0,Bolivia (Plurinational State of),BOL,0.0,World,WLD,270900.0,"Petroleum oils, oils from bituminous minerals, crude",Weight in kilograms,754.0,11120.0
2011.0,Export,68.0,Bolivia (Plurinational State of),BOL,0.0,World,WLD,270900.0,"Petroleum oils, oils from bituminous minerals, crude",Weight in kilograms,291940900.0,227561724.0
2011.0,Import,68.0,Bolivia (Plurinational State of),BOL,76.0,Brazil,BRA,270900.0,"Petroleum oils, oils from bituminous minerals, crude",Weight in kilograms,360.0,545.0
2011.0,Export,68.0,Bolivia (Plurinational State of),BOL,152.0,Chile,CHL,270900.0,"Petroleum oils, oils from bituminous minerals, crude",Weight in kilograms,73342300.0,58609673.0
2011.0,Export,68.0,Bolivia (Plurinational State of),BOL,826.0,United Kingdom,GBR,270900.0,"Petroleum oils, oils from bituminous minerals, crude",Weight in kilograms,36377700.0,25926035.0
2011.0,Import,68.0,Bolivia (Plurinational State of),BOL,842.0,USA,USA,270900.0,"Petroleum oils, oils from bituminous minerals, crude",Weight in kilograms,394.0,10574.0
2011.0,Export,68.0,Bolivia (Plurinational State of),BOL,842.0,USA,USA,270900.0,"Petroleum oils, oils from bituminous minerals, crude",Weight in kilograms,182220900.0,143026015.0
,,,,,,,,,,,,
2011.0,Import,76.0,Brazil,BRA,0.0,World,WLD,270900.0,"Petroleum oils, oils from bituminous minerals, crude",No Quantity,0.0,14264036248.0
2011.0,Export,76.0,Brazil,BRA,0.0,World,WLD,270900.0,"Petroleum oils, oils from bituminous minerals, crude",Weight in kilograms,31257639781.0,21603315936.0
2011.0,Import,76.0,Brazil,BRA,12.0,Algeria,DZA,270900.0,"Petroleum oils, oils from bituminous minerals, crude",Weight in kilograms,266248000.0,251261013.0
2011.0,Import,76.0,Brazil,BRA,24.0,Angola,AGO,270900.0,"Petroleum oils, oils from bituminous minerals, crude",Weight in kilograms,390287000.0,304551850.0
2011.0,Import,76.0,Brazil,BRA,36.0,Australia,AUS,270900.0,"Petroleum oils, oils from bituminous minerals, crude",Weight in kilograms,635657600.0,636675680.0
2011.0,Export,76.0,Brazil,BRA,44.0,Bahamas,BHS,270900.0,"Petroleum oils, oils from bituminous minerals, crude",Weight in kilograms,45996300.0,28152778.0
2011.0,Export,76.0,Brazil,BRA,68.0,Bolivia (Plurinational State of),BOL,270900.0,"Petroleum oils, oils from bituminous minerals, crude",Weight in kilograms,360.0,522.0
2011.0,Import,76.0,Brazil,BRA,124.0,Canada,CAN,270900.0,"Petroleum oils, oils from bituminous minerals, crude",No Quantity,0.0,4255.0
2011.0,Export,76.0,Brazil,BRA,124.0,Canada,CAN,270900.0,"Petroleum oils, oils from bituminous minerals, crude",Weight in kilograms,966847900.0,634277847.0
2011.0,Export,76.0,Brazil,BRA,136.0,Cayman Isds,CYM,270900.0,"Petroleum oils, oils from bituminous minerals, crude",Weight in kilograms,436064700.0,269105796.0
2011.0,Export,76.0,Brazil,BRA,152.0,Chile,CHL,270900.0,"Petroleum oils, oils from bituminous minerals, crude",Weight in kilograms,3034967208.0,2184164235.0
2011.0,Export,76.0,Brazil,BRA,156.0,China,CHN,270900.0,"Petroleum oils, oils from bituminous minerals, crude",Weight in kilograms,7115470950.0,4883733718.0
2011.0,Import,76.0,Brazil,BRA,180.0,Dem. Rep. of the Congo,COD,270900.0,"Petroleum oils, oils from bituminous minerals, crude",Weight in kilograms,136611000.0,91521356.0
2011.0,Import,76.0,Brazil,BRA,226.0,Equatorial Guinea,GNQ,270900.0,"Petroleum oils, oils from bituminous minerals, crude",Weight in kilograms,597939600.0,506652915.0
2011.0,Export,76.0,Brazil,BRA,251.0,France,FRA,270900.0,"Petroleum oils, oils from bituminous minerals, crude",Weight in kilograms,707856000.0,497006975.0
2011.0,Import,76.0,Brazil,BRA,276.0,Germany,DEU,270900.0,"Petroleum oils, oils from bituminous minerals, crude",Weight in kilograms,5.0,137.0
2011.0,Import,76.0,Brazil,BRA,360.0,Indonesia,IDN,270900.0,"Petroleum oils, oils from bituminous minerals, crude",Weight in kilograms,32824800.0,33321391.0
2011.0,Import,76.0,Brazil,BRA,368.0,Iraq,IRQ,270900.0,"Petroleum oils, oils from bituminous minerals, crude",Weight in kilograms,1234116000.0,914573809.0
2011.0,Import,76.0,Brazil,BRA,458.0,Malaysia,MYS,270900.0,"Petroleum oils, oils from bituminous minerals, crude",Weight in kilograms,74456200.0,73714822.0
2011.0,Import,76.0,Brazil,BRA,528.0,Netherlands,NLD,270900.0,"Petroleum oils, oils from bituminous minerals, crude",Weight in kilograms,63042100.0,54009560.0
2011.0,Export,76.0,Brazil,BRA,528.0,Netherlands,NLD,270900.0,"Petroleum oils, oils from bituminous minerals, crude",Weight in kilograms,781497300.0,538178495.0
2011.0,Export,76.0,Brazil,BRA,533.0,Aruba,ABW,270900.0,"Petroleum oils, oils from bituminous minerals, crude",Weight in kilograms,94822200.0,67894546.0
2011.0,Import,76.0,Brazil,BRA,566.0,Nigeria,NGA,270900.0,"Petroleum oils, oils from bituminous minerals, crude",Weight in kilograms,9172844890.0,8239503071.0
2011.0,Export,76.0,Brazil,BRA,579.0,Norway,NOR,270900.0,"Petroleum oils, oils from bituminous minerals, crude",Weight in kilograms,41922360.0,29328896.0
2011.0,Export,76.0,Brazil,BRA,600.0,Paraguay,PRY,270900.0,"Petroleum oils, oils from bituminous minerals, crude",Weight in kilograms,2575.0,10055.0
2011.0,Import,76.0,Brazil,BRA,604.0,Peru,PER,270900.0,"Petroleum oils, oils from bituminous minerals, crude",Weight in kilograms,139766060.0,156002099.0
2011.0,Export,76.0,Brazil,BRA,604.0,Peru,PER,270900.0,"Petroleum oils, oils from bituminous minerals, crude",Weight in kilograms,242849000.0,186252039.0
2011.0,Export,76.0,Brazil,BRA,620.0,Portugal,PRT,270900.0,"Petroleum oils, oils from bituminous minerals, crude",Weight in kilograms,1505257000.0,1139166765.0
2011.0,Export,76.0,Brazil,BRA,662.0,Saint Lucia,LCA,270900.0,"Petroleum oils, oils from bituminous minerals, crude",Weight in kilograms,4251968900.0,2941032222.0
2011.0,Import,76.0,Brazil,BRA,682.0,Saudi Arabia,SAU,270900.0,"Petroleum oils, oils from bituminous minerals, crude",Weight in kilograms,3416020000.0,2726608722.0
2011.0,Export,76.0,Brazil,BRA,699.0,India,IND,270900.0,"Petroleum oils, oils from bituminous minerals, crude",Weight in kilograms,2497684000.0,1702541475.0
2011.0,Export,76.0,Brazil,BRA,724.0,Spain,ESP,270900.0,"Petroleum oils, oils from bituminous minerals, crude",Weight in kilograms,704213500.0,454675373.0
2011.0,Export,76.0,Brazil,BRA,752.0,Sweden,SWE,270900.0,"Petroleum oils, oils from bituminous minerals, crude",Weight in kilograms,5.0,42.0
2011.0,Export,76.0,Brazil,BRA,826.0,United Kingdom,GBR,270900.0,"Petroleum oils, oils from bituminous minerals, crude",Weight in kilograms,286041090.0,219115943.0
2011.0,Import,76.0,Brazil,BRA,842.0,USA,USA,270900.0,"Petroleum oils, oils from bituminous minerals, crude",Weight in kilograms,279450542.0,275635568.0
2011.0,Export,76.0,Brazil,BRA,842.0,USA,USA,270900.0,"Petroleum oils, oils from bituminous minerals, crude",Weight in kilograms,8473196033.0,5780232398.0
2011.0,Export,76.0,Brazil,BRA,858.0,Uruguay,URY,270900.0,"Petroleum oils, oils from bituminous minerals, crude",Weight in kilograms,70982400.0,48445816.0
,,,,,,,,,,,,
2011.0,Import,124.0,Canada,CAN,0.0,World,WLD,270900.0,"Petroleum oils, oils from bituminous minerals, crude",Weight in kilograms,50044128107.0,28824422621.0
2011.0,Export,124.0,Canada,CAN,0.0,World,WLD,270900.0,"Petroleum oils, oils from bituminous minerals, crude",Weight in kilograms,124281962201.0,69477186201.0
2011.0,Re-Export,124.0,Canada,CAN,0.0,World,WLD,270900.0,"Petroleum oils, oils from bituminous minerals, crude",Weight in kilograms,14757.0,8250.0
2011.0,Re-Import,124.0,Canada,CAN,0.0,World,WLD,270900.0,"Petroleum oils, oils from bituminous minerals, crude",Weight in kilograms,398.0,229.0
2011.0,Import,124.0,Canada,CAN,12.0,Algeria,DZA,270900.0,"Petroleum oils, oils from bituminous minerals, crude",Weight in kilograms,9612749670.0,5536752653.0
2011.0,Export,124.0,Canada,CAN,12.0,Algeria,DZA,270900.0,"Petroleum oils, oils from bituminous minerals, crude",Weight in kilograms,1022.0,572.0
2011.0,Import,124.0,Canada,CAN,24.0,Angola,AGO,270900.0,"Petroleum oils, oils from bituminous minerals, crude",Weight in kilograms,4287172662.0,2469326199.0
2011.0,Import,124.0,Canada,CAN,31.0,Azerbaijan,AZE,270900.0,"Petroleum oils, oils from bituminous minerals, crude",Weight in kilograms,762789041.0,439351319.0
2011.0,Import,124.0,Canada,CAN,76.0,Brazil,BRA,270900.0,"Petroleum oils, oils from bituminous minerals, crude",Weight in kilograms,1099840102.0,633486028.0
2011.0,Import,124.0,Canada,CAN,124.0,Canada,CAN,270900.0,"Petroleum oils, oils from bituminous minerals, crude",Weight in kilograms,398.0,229.0
2011.0,Re-Import,124.0,Canada,CAN,124.0,Canada,CAN,270900.0,"Petroleum oils, oils from bituminous minerals, crude",Weight in kilograms,398.0,229.0
2011.0,Import,124.0,Canada,CAN,148.0,Chad,TCD,270900.0,"Petroleum oils, oils from bituminous minerals, crude",Weight in kilograms,28.0,16.0
2011.0,Export,124.0,Canada,CAN,156.0,China,CHN,270900.0,"Petroleum oils, oils from bituminous minerals, crude",Weight in kilograms,735658980.0,411254498.0
2011.0,Import,124.0,Canada,CAN,170.0,Colombia,COL,270900.0,"Petroleum oils, oils from bituminous minerals, crude",Weight in kilograms,257027585.0,148042778.0
2011.0,Export,124.0,Canada,CAN,192.0,Cuba,CUB,270900.0,"Petroleum oils, oils from bituminous minerals, crude",Weight in kilograms,2168.0,1212.0
2011.0,Re-Export,124.0,Canada,CAN,192.0,Cuba,CUB,270900.0,"Petroleum oils, oils from bituminous minerals, crude",Weight in kilograms,2168.0,1212.0
2011.0,Import,124.0,Canada,CAN,208.0,Denmark,DNK,270900.0,"Petroleum oils, oils from bituminous minerals, crude",Weight in kilograms,513185856.0,295584848.0
2011.0,Import,124.0,Canada,CAN,218.0,Ecuador,ECU,270900.0,"Petroleum oils, oils from bituminous minerals, crude",Weight in kilograms,697.0,401.0
2011.0,Import,124.0,Canada,CAN,226.0,Equatorial Guinea,GNQ,270900.0,"Petroleum oils, oils from bituminous minerals, crude",Weight in kilograms,1103863407.0,635803371.0
2011.0,Import,124.0,Canada,CAN,251.0,France,FRA,270900.0,"Petroleum oils, oils from bituminous minerals, crude",Weight in kilograms,74.0,42.0
2011.0,Export,124.0,Canada,CAN,251.0,France,FRA,270900.0,"Petroleum oils, oils from bituminous minerals, crude",Weight in kilograms,14681.0,8207.0
2011.0,Export,124.0,Canada,CAN,328.0,Guyana,GUY,270900.0,"Petroleum oils, oils from bituminous minerals, crude",Weight in kilograms,173.0,97.0
2011.0,Import,124.0,Canada,CAN,360.0,Indonesia,IDN,270900.0,"Petroleum oils, oils from bituminous minerals, crude",Weight in kilograms,53.0,30.0
2011.0,Import,124.0,Canada,CAN,368.0,Iraq,IRQ,270900.0,"Petroleum oils, oils from bituminous minerals, crude",Weight in kilograms,4321764037.0,2489250143.0
2011.0,Export,124.0,Canada,CAN,368.0,Iraq,IRQ,270900.0,"Petroleum oils, oils from bituminous minerals, crude",Weight in kilograms,2733.0,1528.0
2011.0,Import,124.0,Canada,CAN,384.0,Côte d'Ivoire,CIV,270900.0,"Petroleum oils, oils from bituminous minerals, crude",Weight in kilograms,766209635.0,441321513.0
2011.0,Import,124.0,Canada,CAN,398.0,Kazakhstan,KAZ,270900.0,"Petroleum oils, oils from bituminous minerals, crude",Weight in kilograms,4614797067.0,2658031341.0
2011.0,Import,124.0,Canada,CAN,458.0,Malaysia,MYS,270900.0,"Petroleum oils, oils from bituminous minerals, crude",Weight in kilograms,175.0,101.0
2011.0,Export,124.0,Canada,CAN,458.0,Malaysia,MYS,270900.0,"Petroleum oils, oils from bituminous minerals, crude",Weight in kilograms,1050.0,587.0
2011.0,Import,124.0,Canada,CAN,484.0,Mexico,MEX,270900.0,"Petroleum oils, oils from bituminous minerals, crude",Weight in kilograms,1292572231.0,744495901.0
2011.0,Import,124.0,Canada,CAN,512.0,Oman,OMN,270900.0,"Petroleum oils, oils from bituminous minerals, crude",Weight in kilograms,360.0,207.0
2011.0,Import,124.0,Canada,CAN,528.0,Netherlands,NLD,270900.0,"Petroleum oils, oils from bituminous minerals, crude",Weight in kilograms,335.0,193.0
2011.0,Import,124.0,Canada,CAN,566.0,Nigeria,NGA,270900.0,"Petroleum oils, oils from bituminous minerals, crude",Weight in kilograms,4227885016.0,2435177694.0
2011.0,Import,124.0,Canada,CAN,579.0,Norway,NOR,270900.0,"Petroleum oils, oils from bituminous minerals, crude",Weight in kilograms,5682170373.0,3272817140.0
2011.0,Import,124.0,Canada,CAN,598.0,Papua New Guinea,PNG,270900.0,"Petroleum oils, oils from bituminous minerals, crude",Weight in kilograms,174.0,100.0
2011.0,Export,124.0,Canada,CAN,634.0,Qatar,QAT,270900.0,"Petroleum oils, oils from bituminous minerals, crude",Weight in kilograms,2034.0,1137.0
2011.0,Import,124.0,Canada,CAN,643.0,Russian Federation,RUS,270900.0,"Petroleum oils, oils from bituminous minerals, crude",Weight in kilograms,929750948.0,535518057.0
2011.0,Export,124.0,Canada,CAN,643.0,Russian Federation,RUS,270900.0,"Petroleum oils, oils from bituminous minerals, crude",Weight in kilograms,1006.0,562.0
2011.0,Import,124.0,Canada,CAN,682.0,Saudi Arabia,SAU,270900.0,"Petroleum oils, oils from bituminous minerals, crude",Weight in kilograms,4548672173.0,2619944717.0
2011.0,Import,124.0,Canada,CAN,724.0,Spain,ESP,270900.0,"Petroleum oils, oils from bituminous minerals, crude",Weight in kilograms,12.0,7.0
2011.0,Import,124.0,Canada,CAN,764.0,Thailand,THA,270900.0,"Petroleum oils, oils from bituminous minerals, crude",Weight in kilograms,46.0,26.0
2011.0,Import,124.0,Canada,CAN,784.0,United Arab Emirates,ARE,270900.0,"Petroleum oils, oils from bituminous minerals, crude",Weight in kilograms,123.0,71.0
2011.0,Import,124.0,Canada,CAN,826.0,United Kingdom,GBR,270900.0,"Petroleum oils, oils from bituminous minerals, crude",Weight in kilograms,3071953872.0,1769384342.0
2011.0,Export,124.0,Canada,CAN,826.0,United Kingdom,GBR,270900.0,"Petroleum oils, oils from bituminous minerals, crude",Weight in kilograms,12680.0,7088.0
2011.0,Re-Export,124.0,Canada,CAN,826.0,United Kingdom,GBR,270900.0,"Petroleum oils, oils from bituminous minerals, crude",Weight in kilograms,12589.0,7038.0
2011.0,Import,124.0,Canada,CAN,842.0,USA,USA,270900.0,"Petroleum oils, oils from bituminous minerals, crude",Weight in kilograms,2446783245.0,1409298493.0
2011.0,Export,124.0,Canada,CAN,842.0,USA,USA,270900.0,"Petroleum oils, oils from bituminous minerals, crude",Weight in kilograms,123546265674.0,69065910713.0
2011.0,Import,124.0,Canada,CAN,862.0,Venezuela,VEN,270900.0,"Petroleum oils, oils from bituminous minerals, crude",Weight in kilograms,504938712.0,290834657.0
,,,,,,,,,,,,
2011.0,Import,152.0,Chile,CHL,0.0,World,WLD,270900.0,"Petroleum oils, oils from bituminous minerals, crude",Weight in kilograms,8739167552.0,6495645842.0
2011.0,Import,152.0,Chile,CHL,32.0,Argentina,ARG,270900.0,"Petroleum oils, oils from bituminous minerals, crude",Weight in kilograms,824068549.0,598784342.0
2011.0,Import,152.0,Chile,CHL,68.0,Bolivia (Plurinational State of),BOL,270900.0,"Petroleum oils, oils from bituminous minerals, crude",Weight in kilograms,37298000.0,34181007.0
2011.0,Import,152.0,Chile,CHL,76.0,Brazil,BRA,270900.0,"Petroleum oils, oils from bituminous minerals, crude",Weight in kilograms,3713072484.0,2751281887.0
2011.0,Import,152.0,Chile,CHL,170.0,Colombia,COL,270900.0,"Petroleum oils, oils from bituminous minerals, crude",Weight in kilograms,1533419992.0,1151583729.0
2011.0,Import,152.0,Chile,CHL,218.0,Ecuador,ECU,270900.0,"Petroleum oils, oils from bituminous minerals, crude",Weight in kilograms,1490740854.0,1036251335.0
2011.0,Import,152.0,Chile,CHL,554.0,New Zealand,NZL,270900.0,"Petroleum oils, oils from bituminous minerals, crude",Weight in kilograms,15.0,480.0
2011.0,Import,152.0,Chile,CHL,604.0,Peru,PER,270900.0,"Petroleum oils, oils from bituminous minerals, crude",Weight in kilograms,346872672.0,216683280.0
2011.0,Import,152.0,Chile,CHL,826.0,United Kingdom,GBR,270900.0,"Petroleum oils, oils from bituminous minerals, crude",Weight in kilograms,793694976.0,706877932.0
2011.0,Import,152.0,Chile,CHL,842.0,USA,USA,270900.0,"Petroleum oils, oils from bituminous minerals, crude",Weight in kilograms,10.0,1850.0
2011.0,Import,170.0,Colombia,COL,0.0,World,WLD,270900.0,"Petroleum oils, oils from bituminous minerals, crude",Weight in kilograms,157.0,5722.0
2011.0,Export,170.0,Colombia,COL,0.0,World,WLD,270900.0,"Petroleum oils, oils from bituminous minerals, crude",Weight in kilograms,33908296042.0,23020133004.0
2011.0,Export,170.0,Colombia,COL,44.0,Bahamas,BHS,270900.0,"Petroleum oils, oils from bituminous minerals, crude",Weight in kilograms,266958918.0,195982908.0
2011.0,Import,170.0,Colombia,COL,124.0,Canada,CAN,270900.0,"Petroleum oils, oils from bituminous minerals, crude",Weight in kilograms,4.0,490.0
2011.0,Export,170.0,Colombia,COL,124.0,Canada,CAN,270900.0,"Petroleum oils, oils from bituminous minerals, crude",Weight in kilograms,217208964.0,141947301.0
2011.0,Export,170.0,Colombia,COL,152.0,Chile,CHL,270900.0,"Petroleum oils, oils from bituminous minerals, crude",Weight in kilograms,1717610181.0,1241138504.0
2011.0,Export,170.0,Colombia,COL,156.0,China,CHN,270900.0,"Petroleum oils, oils from bituminous minerals, crude",Weight in kilograms,1727030970.0,1172358539.0
2011.0,Export,170.0,Colombia,COL,188.0,Costa Rica,CRI,270900.0,"Petroleum oils, oils from bituminous minerals, crude",Weight in kilograms,147830449.0,97330649.0
2011.0,Import,170.0,Colombia,COL,218.0,Ecuador,ECU,270900.0,"Petroleum oils, oils from bituminous minerals, crude",Weight in kilograms,5.0,236.0
2011.0,Export,170.0,Colombia,COL,222.0,El Salvador,SLV,270900.0,"Petroleum oils, oils from bituminous minerals, crude",Weight in kilograms,107540643.0,70540339.0
2011.0,Export,170.0,Colombia,COL,251.0,France,FRA,270900.0,"Petroleum oils, oils from bituminous minerals, crude",Weight in kilograms,260107233.0,178735380.0
2011.0,Export,170.0,Colombia,COL,381.0,Italy,ITA,270900.0,"Petroleum oils, oils from bituminous minerals, crude",Weight in kilograms,219862167.0,158148330.0
2011.0,Export,170.0,Colombia,COL,384.0,Côte d'Ivoire,CIV,270900.0,"Petroleum oils, oils from bituminous minerals, crude",Weight in kilograms,256934097.0,172083100.0
2011.0,Export,170.0,Colombia,COL,410.0,Rep. of Korea,KOR,270900.0,"Petroleum oils, oils from bituminous minerals, crude",Weight in kilograms,73500000.0,40499250.0
2011.0,Export,170.0,Colombia,COL,528.0,Netherlands,NLD,270900.0,"Petroleum oils, oils from bituminous minerals, crude",Weight in kilograms,326743221.0,233290092.0
2011.0,Export,170.0,Colombia,COL,531.0,Curaçao,CUW,270900.0,"Petroleum oils, oils from bituminous minerals, crude",Weight in kilograms,314125317.0,211247728.0
2011.0,Export,170.0,Colombia,COL,533.0,Aruba,ABW,270900.0,"Petroleum oils, oils from bituminous minerals, crude",Weight in kilograms,2240093369.0,1469627899.0
2011.0,Export,170.0,Colombia,COL,591.0,Panama,PAN,270900.0,"Petroleum oils, oils from bituminous minerals, crude",Weight in kilograms,2155425569.0,1456572063.0
2011.0,Export,170.0,Colombia,COL,604.0,Peru,PER,270900.0,"Petroleum oils, oils from bituminous minerals, crude",Weight in kilograms,318440796.0,237916883.0
2011.0,Export,170.0,Colombia,COL,699.0,India,IND,270900.0,"Petroleum oils, oils from bituminous minerals, crude",Weight in kilograms,1007919465.0,629189483.0
2011.0,Export,170.0,Colombia,COL,724.0,Spain,ESP,270900.0,"Petroleum oils, oils from bituminous minerals, crude",Weight in kilograms,1452201684.0,1016533867.0
2011.0,Export,170.0,Colombia,COL,780.0,Trinidad and Tobago,TTO,270900.0,"Petroleum oils, oils from bituminous minerals, crude",Weight in kilograms,1325583818.0,890686370.0
2011.0,Import,170.0,Colombia,COL,826.0,United Kingdom,GBR,270900.0,"Petroleum oils, oils from bituminous minerals, crude",Weight in kilograms,1.0,157.0
2011.0,Import,170.0,Colombia,COL,842.0,USA,USA,270900.0,"Petroleum oils, oils from bituminous minerals, crude",Weight in kilograms,144.0,4701.0
2011.0,Export,170.0,Colombia,COL,842.0,USA,USA,270900.0,"Petroleum oils, oils from bituminous minerals, crude",Weight in kilograms,19773179182.0,13406304320.0
2011.0,Import,170.0,Colombia,COL,862.0,Venezuela,VEN,270900.0,"Petroleum oils, oils from bituminous minerals, crude",Weight in kilograms,3.0,139.0
2011.0,Import,188.0,Costa Rica,CRI,0.0,World,WLD,270900.0,"Petroleum oils, oils from bituminous minerals, crude",Weight in kilograms,207878347.0,160374347.0
2011.0,Export,188.0,Costa Rica,CRI,0.0,World,WLD,270900.0,"Petroleum oils, oils from bituminous minerals, crude",Weight in kilograms,18.0,5.0
2011.0,Import,188.0,Costa Rica,CRI,12.0,Algeria,DZA,270900.0,"Petroleum oils, oils from bituminous minerals, crude",Weight in kilograms,72152420.0,67441432.0
2011.0,Import,188.0,Costa Rica,CRI,84.0,Belize,BLZ,270900.0,"Petroleum oils, oils from bituminous minerals, crude",Weight in kilograms,25052241.0,17929083.0
2011.0,Import,188.0,Costa Rica,CRI,156.0,China,CHN,270900.0,"Petroleum oils, oils from bituminous minerals, crude",Weight in kilograms,1.0,3.0
2011.0,Import,188.0,Costa Rica,CRI,170.0,Colombia,COL,270900.0,"Petroleum oils, oils from bituminous minerals, crude",Weight in kilograms,83186757.0,55803620.0
2011.0,Import,188.0,Costa Rica,CRI,484.0,Mexico,MEX,270900.0,"Petroleum oils, oils from bituminous minerals, crude",Weight in kilograms,1.0,12.0
2011.0,Import,188.0,Costa Rica,CRI,699.0,India,IND,270900.0,"Petroleum oils, oils from bituminous minerals, crude",Weight in kilograms,16680.0,26880.0
2011.0,Export,188.0,Costa Rica,CRI,699.0,India,IND,270900.0,"Petroleum oils, oils from bituminous minerals, crude",Weight in kilograms,18.0,5.0
2011.0,Import,188.0,Costa Rica,CRI,842.0,USA,USA,270900.0,"Petroleum oils, oils from bituminous minerals, crude",Weight in kilograms,27470247.0,19173317.0
,,,,,,,,,,,,
,,,,,,,,,,,,
,,,,,,,,,,,,
2011.0,Import,214.0,Dominican Rep.,DOM,0.0,World,WLD,270900.0,"Petroleum oils, oils from bituminous minerals, crude",Weight in kilograms,1700557856.0,979487508.0
2011.0,Export,214.0,Dominican Rep.,DOM,0.0,World,WLD,270900.0,"Petroleum oils, oils from bituminous minerals, crude",Weight in kilograms,165980.0,64863.0
2011.0,Export,214.0,Dominican Rep.,DOM,332.0,Haiti,HTI,270900.0,"Petroleum oils, oils from bituminous minerals, crude",Weight in kilograms,26000.0,29900.0
2011.0,Import,214.0,Dominican Rep.,DOM,484.0,Mexico,MEX,270900.0,"Petroleum oils, oils from bituminous minerals, crude",Weight in kilograms,690773829.0,397871989.0
2011.0,Import,214.0,Dominican Rep.,DOM,842.0,USA,USA,270900.0,"Petroleum oils, oils from bituminous minerals, crude",Weight in kilograms,48309.0,27825.0
2011.0,Export,214.0,Dominican Rep.,DOM,842.0,USA,USA,270900.0,"Petroleum oils, oils from bituminous minerals, crude",Weight in kilograms,139980.0,34963.0
2011.0,Import,214.0,Dominican Rep.,DOM,862.0,Venezuela,VEN,270900.0,"Petroleum oils, oils from bituminous minerals, crude",Weight in kilograms,1009735718.0,581587694.0
2011.0,Import,218.0,Ecuador,ECU,0.0,World,WLD,270900.0,"Petroleum oils, oils from bituminous minerals, crude",Weight in kilograms,564.0,7440.0
2011.0,Export,218.0,Ecuador,ECU,0.0,World,WLD,270900.0,"Petroleum oils, oils from bituminous minerals, crude",Weight in kilograms,17025440311.0,11799973050.0
2011.0,Export,218.0,Ecuador,ECU,152.0,Chile,CHL,270900.0,"Petroleum oils, oils from bituminous minerals, crude",Weight in kilograms,1115765442.0,779304629.0
2011.0,Import,218.0,Ecuador,ECU,156.0,China,CHN,270900.0,"Petroleum oils, oils from bituminous minerals, crude",Weight in kilograms,5.0,30.0
2011.0,Export,218.0,Ecuador,ECU,222.0,El Salvador,SLV,270900.0,"Petroleum oils, oils from bituminous minerals, crude",Weight in kilograms,257580691.0,180552931.0
2011.0,Export,218.0,Ecuador,ECU,392.0,Japan,JPN,270900.0,"Petroleum oils, oils from bituminous minerals, crude",Weight in kilograms,287784395.0,209757354.0
2011.0,Export,218.0,Ecuador,ECU,531.0,Curaçao,CUW,270900.0,"Petroleum oils, oils from bituminous minerals, crude",Weight in kilograms,655454475.0,467614021.0
2011.0,Import,218.0,Ecuador,ECU,586.0,Pakistan,PAK,270900.0,"Petroleum oils, oils from bituminous minerals, crude",Weight in kilograms,418.0,2118.0
2011.0,Export,218.0,Ecuador,ECU,591.0,Panama,PAN,270900.0,"Petroleum oils, oils from bituminous minerals, crude",Weight in kilograms,613460488.0,388173811.0
2011.0,Export,218.0,Ecuador,ECU,604.0,Peru,PER,270900.0,"Petroleum oils, oils from bituminous minerals, crude",Weight in kilograms,2027209643.0,1434865184.0
2011.0,Export,218.0,Ecuador,ECU,724.0,Spain,ESP,270900.0,"Petroleum oils, oils from bituminous minerals, crude",Weight in kilograms,81475655.0,51555757.0
2011.0,Export,218.0,Ecuador,ECU,764.0,Thailand,THA,270900.0,"Petroleum oils, oils from bituminous minerals, crude",Weight in kilograms,50231492.0,31515168.0
2011.0,Import,218.0,Ecuador,ECU,842.0,USA,USA,270900.0,"Petroleum oils, oils from bituminous minerals, crude",Weight in kilograms,142.0,5292.0
2011.0,Export,218.0,Ecuador,ECU,842.0,USA,USA,270900.0,"Petroleum oils, oils from bituminous minerals, crude",Weight in kilograms,10915154408.0,7525586603.0
2011.0,Export,218.0,Ecuador,ECU,858.0,Uruguay,URY,270900.0,"Petroleum oils, oils from bituminous minerals, crude",Weight in kilograms,61486314.0,43073993.0
2011.0,Export,218.0,Ecuador,ECU,862.0,Venezuela,VEN,270900.0,"Petroleum oils, oils from bituminous minerals, crude",Weight in kilograms,959837308.0,687973599.0
2011.0,Import,222.0,El Salvador,SLV,0.0,World,WLD,270900.0,"Petroleum oils, oils from bituminous minerals, crude",Weight in kilograms,728990308.0,565735778.0
2011.0,Import,222.0,El Salvador,SLV,170.0,Colombia,COL,270900.0,"Petroleum oils, oils from bituminous minerals, crude",Weight in kilograms,102471100.0,80678831.0
2011.0,Import,222.0,El Salvador,SLV,218.0,Ecuador,ECU,270900.0,"Petroleum oils, oils from bituminous minerals, crude",Weight in kilograms,316478700.0,235938668.0
2011.0,Import,222.0,El Salvador,SLV,320.0,Guatemala,GTM,270900.0,"Petroleum oils, oils from bituminous minerals, crude",Weight in kilograms,17088.0,55809.0
2011.0,Import,222.0,El Salvador,SLV,484.0,Mexico,MEX,270900.0,"Petroleum oils, oils from bituminous minerals, crude",Weight in kilograms,97969700.0,72779549.0
2011.0,Import,222.0,El Salvador,SLV,591.0,Panama,PAN,270900.0,"Petroleum oils, oils from bituminous minerals, crude",Weight in kilograms,106540200.0,75290190.0
2011.0,Import,222.0,El Salvador,SLV,780.0,Trinidad and Tobago,TTO,270900.0,"Petroleum oils, oils from bituminous minerals, crude",Weight in kilograms,49659700.0,45787773.0
2011.0,Import,222.0,El Salvador,SLV,842.0,USA,USA,270900.0,"Petroleum oils, oils from bituminous minerals, crude",Weight in kilograms,55853820.0,55204955.0
,,,,,,,,,,,,
,,,,,,,,,,,,
,,,,,,,,,,,,
2011.0,Import,308.0,Grenada,GRD,0.0,World,WLD,270900.0,"Petroleum oils, oils from bituminous minerals, crude",Weight in kilograms,30.0,207.0
2011.0,Import,308.0,Grenada,GRD,842.0,USA,USA,270900.0,"Petroleum oils, oils from bituminous minerals, crude",Weight in kilograms,5.0,88.0
2011.0,Import,308.0,Grenada,GRD,899.0,"Areas, nes",,270900.0,"Petroleum oils, oils from bituminous minerals, crude",Weight in kilograms,25.0,118.0
,,,,,,,,,,,,
2011.0,Import,320.0,Guatemala,GTM,0.0,World,WLD,270900.0,"Petroleum oils, oils from bituminous minerals, crude",Weight in kilograms,116804.0,201964.0
2011.0,Export,320.0,Guatemala,GTM,0.0,World,WLD,270900.0,"Petroleum oils, oils from bituminous minerals, crude",Weight in kilograms,540726608.0,335450911.0
2011.0,Import,320.0,Guatemala,GTM,84.0,Belize,BLZ,270900.0,"Petroleum oils, oils from bituminous minerals, crude",Weight in kilograms,2000.0,2000.0
2011.0,Export,320.0,Guatemala,GTM,170.0,Colombia,COL,270900.0,"Petroleum oils, oils from bituminous minerals, crude",Weight in kilograms,4.0,4.0
2011.0,Import,320.0,Guatemala,GTM,214.0,Dominican Rep.,DOM,270900.0,"Petroleum oils, oils from bituminous minerals, crude",Weight in kilograms,150.0,260.0
2011.0,Export,320.0,Guatemala,GTM,222.0,El Salvador,SLV,270900.0,"Petroleum oils, oils from bituminous minerals, crude",Weight in kilograms,43050.0,52411.0
2011.0,Import,320.0,Guatemala,GTM,410.0,Rep. of Korea,KOR,270900.0,"Petroleum oils, oils from bituminous minerals, crude",Weight in kilograms,46826.0,46826.0
2011.0,Import,320.0,Guatemala,GTM,842.0,USA,USA,270900.0,"Petroleum oils, oils from bituminous minerals, crude",Weight in kilograms,67828.0,152878.0
2011.0,Export,320.0,Guatemala,GTM,842.0,USA,USA,270900.0,"Petroleum oils, oils from bituminous minerals, crude",Weight in kilograms,540683554.0,335398496.0
,,,,,,,,,,,,
,,,,,,,,,,,,
2011.0,Import,340.0,Honduras,HND,0.0,World,WLD,270900.0,"Petroleum oils, oils from bituminous minerals, crude",Weight in kilograms,140.0,148.0
2011.0,Import,340.0,Honduras,HND,842.0,USA,USA,270900.0,"Petroleum oils, oils from bituminous minerals, crude",Weight in kilograms,140.0,148.0
2011.0,Import,388.0,Jamaica,JAM,0.0,World,WLD,270900.0,"Petroleum oils, oils from bituminous minerals, crude",Weight in kilograms,1223467596.0,901614486.0
2011.0,Import,388.0,Jamaica,JAM,484.0,Mexico,MEX,270900.0,"Petroleum oils, oils from bituminous minerals, crude",Weight in kilograms,191429792.0,150265294.0
2011.0,Import,388.0,Jamaica,JAM,842.0,USA,USA,270900.0,"Petroleum oils, oils from bituminous minerals, crude",Weight in kilograms,18387.0,40032.0
2011.0,Import,388.0,Jamaica,JAM,862.0,Venezuela,VEN,270900.0,"Petroleum oils, oils from bituminous minerals, crude",Weight in kilograms,1032019416.0,751309161.0
,,,,,,,,,,,,
2011.0,Import,484.0,Mexico,MEX,0.0,World,WLD,270900.0,"Petroleum oils, oils from bituminous minerals, crude",Weight in kilograms,397.0,1480.0
2011.0,Export,484.0,Mexico,MEX,0.0,World,WLD,270900.0,"Petroleum oils, oils from bituminous minerals, crude",Weight in kilograms,66768422496.0,49380593928.0
2011.0,Import,484.0,Mexico,MEX,124.0,Canada,CAN,270900.0,"Petroleum oils, oils from bituminous minerals, crude",Weight in kilograms,123.0,457.0
2011.0,Export,484.0,Mexico,MEX,124.0,Canada,CAN,270900.0,"Petroleum oils, oils from bituminous minerals, crude",Weight in kilograms,1021685056.0,743520206.0
2011.0,Export,484.0,Mexico,MEX,156.0,China,CHN,270900.0,"Petroleum oils, oils from bituminous minerals, crude",Weight in kilograms,1828417152.0,1332054820.0
2011.0,Import,484.0,Mexico,MEX,170.0,Colombia,COL,270900.0,"Petroleum oils, oils from bituminous minerals, crude",Weight in kilograms,1.0,4.0
2011.0,Export,484.0,Mexico,MEX,214.0,Dominican Rep.,DOM,270900.0,"Petroleum oils, oils from bituminous minerals, crude",Weight in kilograms,553837760.0,457482702.0
2011.0,Export,484.0,Mexico,MEX,222.0,El Salvador,SLV,270900.0,"Petroleum oils, oils from bituminous minerals, crude",Weight in kilograms,98084016.0,69924082.0
2011.0,Export,484.0,Mexico,MEX,381.0,Italy,ITA,270900.0,"Petroleum oils, oils from bituminous minerals, crude",Weight in kilograms,357505792.0,260573883.0
2011.0,Export,484.0,Mexico,MEX,388.0,Jamaica,JAM,270900.0,"Petroleum oils, oils from bituminous minerals, crude",Weight in kilograms,237944832.0,186008460.0
2011.0,Export,484.0,Mexico,MEX,528.0,Netherlands,NLD,270900.0,"Petroleum oils, oils from bituminous minerals, crude",Weight in kilograms,369905088.0,265842741.0
2011.0,Export,484.0,Mexico,MEX,620.0,Portugal,PRT,270900.0,"Petroleum oils, oils from bituminous minerals, crude",Weight in kilograms,270394880.0,193856115.0
2011.0,Export,484.0,Mexico,MEX,699.0,India,IND,270900.0,"Petroleum oils, oils from bituminous minerals, crude",Weight in kilograms,1851121792.0,1414853661.0
2011.0,Export,484.0,Mexico,MEX,724.0,Spain,ESP,270900.0,"Petroleum oils, oils from bituminous minerals, crude",Weight in kilograms,5532068352.0,4167233877.0
2011.0,Import,484.0,Mexico,MEX,842.0,USA,USA,270900.0,"Petroleum oils, oils from bituminous minerals, crude",Weight in kilograms,273.0,1019.0
2011.0,Export,484.0,Mexico,MEX,842.0,USA,USA,270900.0,"Petroleum oils, oils from bituminous minerals, crude",Weight in kilograms,54647457776.0,40289243381.0
,,,,,,,,,,,,
2011.0,Import,558.0,Nicaragua,NIC,0.0,World,WLD,270900.0,"Petroleum oils, oils from bituminous minerals, crude",Weight in kilograms,808788058.0,617492253.0
2011.0,Export,558.0,Nicaragua,NIC,0.0,World,WLD,270900.0,"Petroleum oils, oils from bituminous minerals, crude",Weight in kilograms,20.0,88.0
2011.0,Export,558.0,Nicaragua,NIC,591.0,Panama,PAN,270900.0,"Petroleum oils, oils from bituminous minerals, crude",Weight in kilograms,13.0,54.0
2011.0,Export,558.0,Nicaragua,NIC,842.0,USA,USA,270900.0,"Petroleum oils, oils from bituminous minerals, crude",Weight in kilograms,8.0,34.0
2011.0,Import,558.0,Nicaragua,NIC,862.0,Venezuela,VEN,270900.0,"Petroleum oils, oils from bituminous minerals, crude",Weight in kilograms,808788058.0,617492253.0
,,,,,,,,,,,,
2011.0,Import,600.0,Paraguay,PRY,0.0,World,WLD,270900.0,"Petroleum oils, oils from bituminous minerals, crude",Weight in kilograms,2990.0,22264.0
2011.0,Import,600.0,Paraguay,PRY,76.0,Brazil,BRA,270900.0,"Petroleum oils, oils from bituminous minerals, crude",Weight in kilograms,2703.0,20570.0
2011.0,Import,600.0,Paraguay,PRY,528.0,Netherlands,NLD,270900.0,"Petroleum oils, oils from bituminous minerals, crude",Weight in kilograms,112.0,837.0
2011.0,Import,600.0,Paraguay,PRY,842.0,USA,USA,270900.0,"Petroleum oils, oils from bituminous minerals, crude",Weight in kilograms,175.0,857.0
2011.0,Import,604.0,Peru,PER,0.0,World,WLD,270900.0,"Petroleum oils, oils from bituminous minerals, crude",Weight in kilograms,4808018800.0,3664943458.0
2011.0,Export,604.0,Peru,PER,0.0,World,WLD,270900.0,"Petroleum oils, oils from bituminous minerals, crude",Weight in kilograms,890824950.0,574246159.0
2011.0,Import,604.0,Peru,PER,24.0,Angola,AGO,270900.0,"Petroleum oils, oils from bituminous minerals, crude",Weight in kilograms,869103000.0,712581062.0
2011.0,Import,604.0,Peru,PER,76.0,Brazil,BRA,270900.0,"Petroleum oils, oils from bituminous minerals, crude",Weight in kilograms,242889200.0,196511862.0
2011.0,Export,604.0,Peru,PER,124.0,Canada,CAN,270900.0,"Petroleum oils, oils from bituminous minerals, crude",Weight in kilograms,11.0,88.0
2011.0,Export,604.0,Peru,PER,152.0,Chile,CHL,270900.0,"Petroleum oils, oils from bituminous minerals, crude",Weight in kilograms,341835800.0,210242195.0
2011.0,Import,604.0,Peru,PER,170.0,Colombia,COL,270900.0,"Petroleum oils, oils from bituminous minerals, crude",Weight in kilograms,320822600.0,256651253.0
2011.0,Import,604.0,Peru,PER,218.0,Ecuador,ECU,270900.0,"Petroleum oils, oils from bituminous minerals, crude",Weight in kilograms,2237136500.0,1561227337.0
2011.0,Export,604.0,Peru,PER,251.0,France,FRA,270900.0,"Petroleum oils, oils from bituminous minerals, crude",Weight in kilograms,30.0,30.0
2011.0,Import,604.0,Peru,PER,566.0,Nigeria,NGA,270900.0,"Petroleum oils, oils from bituminous minerals, crude",Weight in kilograms,392403000.0,342696636.0
2011.0,Import,604.0,Peru,PER,591.0,Panama,PAN,270900.0,"Petroleum oils, oils from bituminous minerals, crude",Weight in kilograms,442496900.0,332492856.0
2011.0,Import,604.0,Peru,PER,643.0,Russian Federation,RUS,270900.0,"Petroleum oils, oils from bituminous minerals, crude",Weight in kilograms,198975700.0,170665895.0
2011.0,Export,604.0,Peru,PER,662.0,Saint Lucia,LCA,270900.0,"Petroleum oils, oils from bituminous minerals, crude",Weight in kilograms,53759400.0,37527598.0
2011.0,Export,604.0,Peru,PER,702.0,Singapore,SGP,270900.0,"Petroleum oils, oils from bituminous minerals, crude",Weight in kilograms,40.0,20.0
2011.0,Export,604.0,Peru,PER,826.0,United Kingdom,GBR,270900.0,"Petroleum oils, oils from bituminous minerals, crude",Weight in kilograms,20.0,10.0
2011.0,Export,604.0,Peru,PER,842.0,USA,USA,270900.0,"Petroleum oils, oils from bituminous minerals, crude",Weight in kilograms,495156939.0,326388229.0
2011.0,Import,604.0,Peru,PER,862.0,Venezuela,VEN,270900.0,"Petroleum oils, oils from bituminous minerals, crude",Weight in kilograms,104191900.0,92116553.0
2011.0,Export,604.0,Peru,PER,899.0,"Areas, nes",,270900.0,"Petroleum oils, oils from bituminous minerals, crude",Weight in kilograms,72710.0,87988.0
,,,,,,,,,,,,
,,,,,,,,,,,,
2011.0,Import,659.0,Saint Kitts and Nevis,KNA,0.0,World,WLD,270900.0,"Petroleum oils, oils from bituminous minerals, crude",Weight in kilograms,10.0,47964.0
2011.0,Import,659.0,Saint Kitts and Nevis,KNA,842.0,USA,USA,270900.0,"Petroleum oils, oils from bituminous minerals, crude",Weight in kilograms,10.0,47964.0
,,,,,,,,,,,,
,,,,,,,,,,,,
,,,,,,,,,,,,
,,,,,,,,,,,,
,,,,,,,,,,,,
,,,,,,,,,,,,
2011.0,Import,780.0,Trinidad and Tobago,TTO,0.0,World,WLD,270900.0,"Petroleum oils, oils from bituminous minerals, crude",No Quantity,0.0,3579708658.0
2011.0,Export,780.0,Trinidad and Tobago,TTO,0.0,World,WLD,270900.0,"Petroleum oils, oils from bituminous minerals, crude",Weight in kilograms,1619737810.0,1523885819.0
2011.0,Re-Export,780.0,Trinidad and Tobago,TTO,0.0,World,WLD,270900.0,"Petroleum oils, oils from bituminous minerals, crude",Weight in kilograms,140.0,2103.0
2011.0,Import,780.0,Trinidad and Tobago,TTO,52.0,Barbados,BRB,270900.0,"Petroleum oils, oils from bituminous minerals, crude",Weight in kilograms,46820530.0,32775564.0
2011.0,Import,780.0,Trinidad and Tobago,TTO,76.0,Brazil,BRA,270900.0,"Petroleum oils, oils from bituminous minerals, crude",Weight in kilograms,212262700.0,157518888.0
2011.0,Import,780.0,Trinidad and Tobago,TTO,124.0,Canada,CAN,270900.0,"Petroleum oils, oils from bituminous minerals, crude",Weight in kilograms,190.0,1022.0
2011.0,Import,780.0,Trinidad and Tobago,TTO,170.0,Colombia,COL,270900.0,"Petroleum oils, oils from bituminous minerals, crude",Weight in kilograms,1410141200.0,1045483028.0
2011.0,Import,780.0,Trinidad and Tobago,TTO,178.0,Congo,COG,270900.0,"Petroleum oils, oils from bituminous minerals, crude",Weight in kilograms,96136000.0,76550848.0
2011.0,Import,780.0,Trinidad and Tobago,TTO,266.0,Gabon,GAB,270900.0,"Petroleum oils, oils from bituminous minerals, crude",Weight in kilograms,1618865400.0,1288704042.0
2011.0,Import,780.0,Trinidad and Tobago,TTO,288.0,Ghana,GHA,270900.0,"Petroleum oils, oils from bituminous minerals, crude",Weight in kilograms,12869200.0,11498851.0
2011.0,Export,780.0,Trinidad and Tobago,TTO,348.0,Hungary,HUN,270900.0,"Petroleum oils, oils from bituminous minerals, crude",Weight in kilograms,237099592.0,197465359.0
2011.0,Import,780.0,Trinidad and Tobago,TTO,533.0,Aruba,ABW,270900.0,"Petroleum oils, oils from bituminous minerals, crude",Weight in kilograms,54662300.0,54112563.0
2011.0,Import,780.0,Trinidad and Tobago,TTO,643.0,Russian Federation,RUS,270900.0,"Petroleum oils, oils from bituminous minerals, crude",Weight in kilograms,977374400.0,799377069.0
2011.0,Import,780.0,Trinidad and Tobago,TTO,699.0,India,IND,270900.0,"Petroleum oils, oils from bituminous minerals, crude",Weight in kilograms,14746.0,26441.0
2011.0,Import,780.0,Trinidad and Tobago,TTO,842.0,USA,USA,270900.0,"Petroleum oils, oils from bituminous minerals, crude",No Quantity,0.0,113660337.0
2011.0,Export,780.0,Trinidad and Tobago,TTO,842.0,USA,USA,270900.0,"Petroleum oils, oils from bituminous minerals, crude",Weight in kilograms,1382638218.0,1326420460.0
2011.0,Re-Export,780.0,Trinidad and Tobago,TTO,842.0,USA,USA,270900.0,"Petroleum oils, oils from bituminous minerals, crude",Weight in kilograms,140.0,2103.0
2011.0,Import,796.0,Turks and Caicos Isds,TCA,0.0,World,WLD,270900.0,"Petroleum oils, oils from bituminous minerals, crude",Weight in kilograms,350861.0,445092.0
2011.0,Export,796.0,Turks and Caicos Isds,TCA,0.0,World,WLD,270900.0,"Petroleum oils, oils from bituminous minerals, crude",Weight in kilograms,50000.0,620.0
2011.0,Import,796.0,Turks and Caicos Isds,TCA,842.0,USA,USA,270900.0,"Petroleum oils, oils from bituminous minerals, crude",Weight in kilograms,348266.0,441221.0
2011.0,Export,796.0,Turks and Caicos Isds,TCA,842.0,USA,USA,270900.0,"Petroleum oils, oils from bituminous minerals, crude",Weight in kilograms,50000.0,620.0
2011.0,Import,796.0,Turks and Caicos Isds,TCA,899.0,"Areas, nes",,270900.0,"Petroleum oils, oils from bituminous minerals, crude",Weight in kilograms,2595.0,3870.0
2011.0,Import,858.0,Uruguay,URY,0.0,World,WLD,270900.0,"Petroleum oils, oils from bituminous minerals, crude",Weight in kilograms,1162603042.0,948221619.0
2011.0,Import,858.0,Uruguay,URY,76.0,Brazil,BRA,270900.0,"Petroleum oils, oils from bituminous minerals, crude",Weight in kilograms,70267750.0,57396876.0
2011.0,Import,858.0,Uruguay,URY,218.0,Ecuador,ECU,270900.0,"Petroleum oils, oils from bituminous minerals, crude",Weight in kilograms,61158246.0,45289019.0
2011.0,Import,858.0,Uruguay,URY,226.0,Equatorial Guinea,GNQ,270900.0,"Petroleum oils, oils from bituminous minerals, crude",Weight in kilograms,145403125.0,120711107.0
2011.0,Import,858.0,Uruguay,URY,566.0,Nigeria,NGA,270900.0,"Petroleum oils, oils from bituminous minerals, crude",Weight in kilograms,126005250.0,97126240.0
2011.0,Import,858.0,Uruguay,URY,710.0,South Africa,ZAF,270900.0,"Petroleum oils, oils from bituminous minerals, crude",Weight in kilograms,264762750.0,230168444.0
2011.0,Import,858.0,Uruguay,URY,862.0,Venezuela,VEN,270900.0,"Petroleum oils, oils from bituminous minerals, crude",Weight in kilograms,495005921.0,397529933.0
,,,,,,,,,,,,
2011.0,Import,842.0,USA,USA,0.0,World,WLD,270900.0,"Petroleum oils, oils from bituminous minerals, crude",Weight in kilograms,461029988466.0,342801958373.0
2011.0,Export,842.0,USA,USA,0.0,World,WLD,270900.0,"Petroleum oils, oils from bituminous minerals, crude",Weight in kilograms,2898342292.0,2083741622.0
2011.0,Re-Export,842.0,USA,USA,0.0,World,WLD,270900.0,"Petroleum oils, oils from bituminous minerals, crude",Weight in kilograms,304867728.0,236592127.0
2011.0,Import,842.0,USA,USA,12.0,Algeria,DZA,270900.0,"Petroleum oils, oils from bituminous minerals, crude",Weight in kilograms,11364208733.0,9242757229.0
2011.0,Import,842.0,USA,USA,24.0,Angola,AGO,270900.0,"Petroleum oils, oils from bituminous minerals, crude",Weight in kilograms,16004338585.0,13151474828.0
2011.0,Import,842.0,USA,USA,31.0,Azerbaijan,AZE,270900.0,"Petroleum oils, oils from bituminous minerals, crude",Weight in kilograms,2918235624.0,2463454331.0
2011.0,Import,842.0,USA,USA,32.0,Argentina,ARG,270900.0,"Petroleum oils, oils from bituminous minerals, crude",Weight in kilograms,1460552919.0,1116313667.0
2011.0,Import,842.0,USA,USA,36.0,Australia,AUS,270900.0,"Petroleum oils, oils from bituminous minerals, crude",Weight in kilograms,456111741.0,384504791.0
2011.0,Import,842.0,USA,USA,68.0,Bolivia (Plurinational State of),BOL,270900.0,"Petroleum oils, oils from bituminous minerals, crude",Weight in kilograms,296666192.0,222347448.0
2011.0,Import,842.0,USA,USA,76.0,Brazil,BRA,270900.0,"Petroleum oils, oils from bituminous minerals, crude",Weight in kilograms,11913671816.0,9500659491.0
2011.0,Import,842.0,USA,USA,84.0,Belize,BLZ,270900.0,"Petroleum oils, oils from bituminous minerals, crude",Weight in kilograms,156493195.0,127751095.0
2011.0,Import,842.0,USA,USA,124.0,Canada,CAN,270900.0,"Petroleum oils, oils from bituminous minerals, crude",Weight in kilograms,107879862044.0,69146509060.0
2011.0,Export,842.0,USA,USA,124.0,Canada,CAN,270900.0,"Petroleum oils, oils from bituminous minerals, crude",Weight in kilograms,2852251473.0,2048518068.0
2011.0,Re-Export,842.0,USA,USA,124.0,Canada,CAN,270900.0,"Petroleum oils, oils from bituminous minerals, crude",Weight in kilograms,259170584.0,201504556.0
2011.0,Import,842.0,USA,USA,148.0,Chad,TCD,270900.0,"Petroleum oils, oils from bituminous minerals, crude",Weight in kilograms,4229756520.0,3151356614.0
2011.0,Import,842.0,USA,USA,156.0,China,CHN,270900.0,"Petroleum oils, oils from bituminous minerals, crude",Weight in kilograms,84240458.0,63926205.0
2011.0,Import,842.0,USA,USA,170.0,Colombia,COL,270900.0,"Petroleum oils, oils from bituminous minerals, crude",Weight in kilograms,20037893487.0,14866373772.0
2011.0,Import,842.0,USA,USA,178.0,Congo,COG,270900.0,"Petroleum oils, oils from bituminous minerals, crude",Weight in kilograms,2535192752.0,2100704364.0
2011.0,Import,842.0,USA,USA,180.0,Dem. Rep. of the Congo,COD,270900.0,"Petroleum oils, oils from bituminous minerals, crude",Weight in kilograms,674684192.0,551905976.0
2011.0,Export,842.0,USA,USA,188.0,Costa Rica,CRI,270900.0,"Petroleum oils, oils from bituminous minerals, crude",Weight in kilograms,45689760.0,35084330.0
2011.0,Re-Export,842.0,USA,USA,188.0,Costa Rica,CRI,270900.0,"Petroleum oils, oils from bituminous minerals, crude",Weight in kilograms,45689760.0,35084330.0
2011.0,Import,842.0,USA,USA,208.0,Denmark,DNK,270900.0,"Petroleum oils, oils from bituminous minerals, crude",Weight in kilograms,1037720.0,484078.0
2011.0,Import,842.0,USA,USA,218.0,Ecuador,ECU,270900.0,"Petroleum oils, oils from bituminous minerals, crude",Weight in kilograms,10064150892.0,7499127182.0
2011.0,Import,842.0,USA,USA,226.0,Equatorial Guinea,GNQ,270900.0,"Petroleum oils, oils from bituminous minerals, crude",Weight in kilograms,1419048648.0,1074215615.0
2011.0,Import,842.0,USA,USA,266.0,Gabon,GAB,270900.0,"Petroleum oils, oils from bituminous minerals, crude",Weight in kilograms,5605502640.0,4522778753.0
2011.0,Import,842.0,USA,USA,288.0,Ghana,GHA,270900.0,"Petroleum oils, oils from bituminous minerals, crude",Weight in kilograms,409225776.0,345869371.0
2011.0,Import,842.0,USA,USA,320.0,Guatemala,GTM,270900.0,"Petroleum oils, oils from bituminous minerals, crude",Weight in kilograms,450218106.0,319684912.0
2011.0,Import,842.0,USA,USA,360.0,Indonesia,IDN,270900.0,"Petroleum oils, oils from bituminous minerals, crude",Weight in kilograms,979918664.0,745779468.0
2011.0,Import,842.0,USA,USA,368.0,Iraq,IRQ,270900.0,"Petroleum oils, oils from bituminous minerals, crude",Weight in kilograms,22204482546.0,17342465894.0
2011.0,Import,842.0,USA,USA,376.0,Israel,ISR,270900.0,"Petroleum oils, oils from bituminous minerals, crude",Weight in kilograms,114315.0,22235.0
2011.0,Import,842.0,USA,USA,381.0,Italy,ITA,270900.0,"Petroleum oils, oils from bituminous minerals, crude",Weight in kilograms,420749.0,70774.0
2011.0,Import,842.0,USA,USA,384.0,Côte d'Ivoire,CIV,270900.0,"Petroleum oils, oils from bituminous minerals, crude",Weight in kilograms,178237584.0,159544208.0
2011.0,Import,842.0,USA,USA,398.0,Kazakhstan,KAZ,270900.0,"Petroleum oils, oils from bituminous minerals, crude",Weight in kilograms,530521416.0,429637387.0
2011.0,Export,842.0,USA,USA,410.0,Rep. of Korea,KOR,270900.0,"Petroleum oils, oils from bituminous minerals, crude",Weight in kilograms,330090.0,108077.0
2011.0,Import,842.0,USA,USA,414.0,Kuwait,KWT,270900.0,"Petroleum oils, oils from bituminous minerals, crude",Weight in kilograms,9877458380.0,7771328417.0
2011.0,Import,842.0,USA,USA,434.0,Libya,LBY,270900.0,"Petroleum oils, oils from bituminous minerals, crude",Weight in kilograms,548404409.0,409401562.0
2011.0,Import,842.0,USA,USA,458.0,Malaysia,MYS,270900.0,"Petroleum oils, oils from bituminous minerals, crude",Weight in kilograms,75475968.0,64619937.0
2011.0,Import,842.0,USA,USA,484.0,Mexico,MEX,270900.0,"Petroleum oils, oils from bituminous minerals, crude",Weight in kilograms,54843764663.0,39992263837.0
2011.0,Export,842.0,USA,USA,484.0,Mexico,MEX,270900.0,"Petroleum oils, oils from bituminous minerals, crude",Weight in kilograms,70968.0,31147.0
2011.0,Re-Export,842.0,USA,USA,484.0,Mexico,MEX,270900.0,"Petroleum oils, oils from bituminous minerals, crude",Weight in kilograms,7384.0,3241.0
2011.0,Import,842.0,USA,USA,512.0,Oman,OMN,270900.0,"Petroleum oils, oils from bituminous minerals, crude",Weight in kilograms,2082734754.0,1699441398.0
2011.0,Import,842.0,USA,USA,528.0,Netherlands,NLD,270900.0,"Petroleum oils, oils from bituminous minerals, crude",Weight in kilograms,62217.0,78267.0
2011.0,Import,842.0,USA,USA,566.0,Nigeria,NGA,270900.0,"Petroleum oils, oils from bituminous minerals, crude",Weight in kilograms,38607771200.0,32339865600.0
2011.0,Import,842.0,USA,USA,579.0,Norway,NOR,270900.0,"Petroleum oils, oils from bituminous minerals, crude",Weight in kilograms,3049821286.0,2579888468.0
2011.0,Import,842.0,USA,USA,604.0,Peru,PER,270900.0,"Petroleum oils, oils from bituminous minerals, crude",Weight in kilograms,584338863.0,438782213.0
2011.0,Import,842.0,USA,USA,634.0,Qatar,QAT,270900.0,"Petroleum oils, oils from bituminous minerals, crude",Weight in kilograms,265702245.0,223731276.0
2011.0,Import,842.0,USA,USA,643.0,Russian Federation,RUS,270900.0,"Petroleum oils, oils from bituminous minerals, crude",Weight in kilograms,10728886663.0,8791097260.0
2011.0,Import,842.0,USA,USA,682.0,Saudi Arabia,SAU,270900.0,"Petroleum oils, oils from bituminous minerals, crude",Weight in kilograms,59721661702.0,47041733498.0
2011.0,Import,842.0,USA,USA,704.0,Viet Nam,VNM,270900.0,"Petroleum oils, oils from bituminous minerals, crude",Weight in kilograms,523765632.0,444074798.0
2011.0,Import,842.0,USA,USA,710.0,South Africa,ZAF,270900.0,"Petroleum oils, oils from bituminous minerals, crude",Weight in kilograms,7595224.0,6343766.0
2011.0,Import,842.0,USA,USA,760.0,Syria,SYR,270900.0,"Petroleum oils, oils from bituminous minerals, crude",Weight in kilograms,146815552.0,105305414.0
2011.0,Import,842.0,USA,USA,764.0,Thailand,THA,270900.0,"Petroleum oils, oils from bituminous minerals, crude",Weight in kilograms,836654784.0,675572117.0
2011.0,Import,842.0,USA,USA,780.0,Trinidad and Tobago,TTO,270900.0,"Petroleum oils, oils from bituminous minerals, crude",Weight in kilograms,1570752692.0,1252460821.0
2011.0,Import,842.0,USA,USA,784.0,United Arab Emirates,ARE,270900.0,"Petroleum oils, oils from bituminous minerals, crude",Weight in kilograms,355143205.0,295598981.0
2011.0,Import,842.0,USA,USA,818.0,Egypt,EGY,270900.0,"Petroleum oils, oils from bituminous minerals, crude",Weight in kilograms,213491616.0,173751835.0
2011.0,Import,842.0,USA,USA,826.0,United Kingdom,GBR,270900.0,"Petroleum oils, oils from bituminous minerals, crude",Weight in kilograms,2123543328.0,1802731749.0
2011.0,Import,842.0,USA,USA,862.0,Venezuela,VEN,270900.0,"Petroleum oils, oils from bituminous minerals, crude",Weight in kilograms,52727465787.0,37913593888.0
2011.0,Import,842.0,USA,USA,887.0,Yemen,YEM,270900.0,"Petroleum oils, oils from bituminous minerals, crude",Weight in kilograms,283890984.0,250574523.0
,,,,,,,,,,,,
2011.0,Import,862.0,Venezuela,VEN,0.0,World,WLD,270900.0,"Petroleum oils, oils from bituminous minerals, crude",Weight in kilograms,77.0,3061.0
2011.0,Export,862.0,Venezuela,VEN,0.0,World,WLD,270900.0,"Petroleum oils, oils from bituminous minerals, crude",Weight in kilograms,77510385300.0,60913163700.0
2011.0,Export,862.0,Venezuela,VEN,473.0,"LAIA, nes",,270900.0,"Petroleum oils, oils from bituminous minerals, crude",Weight in kilograms,36134912400.0,28397379600.0
2011.0,Export,862.0,Venezuela,VEN,490.0,"Other Asia, nes",,270900.0,"Petroleum oils, oils from bituminous minerals, crude",Weight in kilograms,16120962300.0,12668996700.0
2011.0,Export,862.0,Venezuela,VEN,568.0,"Other Europe, nes",,270900.0,"Petroleum oils, oils from bituminous minerals, crude",Weight in kilograms,4342178700.0,3412392300.0
2011.0,Import,862.0,Venezuela,VEN,591.0,Panama,PAN,270900.0,"Petroleum oils, oils from bituminous minerals, crude",Weight in kilograms,63.0,2423.0
2011.0,Export,862.0,Venezuela,VEN,637.0,"North America and Central America, nes",,270900.0,"Petroleum oils, oils from bituminous minerals, crude",Weight in kilograms,20912331900.0,16434395100.0
2011.0,Import,862.0,Venezuela,VEN,842.0,USA,USA,270900.0,"Petroleum oils, oils from bituminous minerals, crude",Weight in kilograms,14.0,638.0
